Nama Barang,Harga
Gigabyte Nvidia GeForce RTX 3070 GAMING OC 8GB - DDR6 - VGA Card,12831000
Vga Zotac Geforce RTX 3050 Twin Edge 8GB GDDR6 128Bit,5880000
Palit Nvidia GeForce RTX 3070 8GB GamingPro - VGA Card,11930000
ASUS GeForce RTX 3070 Noctua Edition OC 8GB GDDR6 - RTX3070 DDR6 VGA,13190000
Gainward GeForce RTX™ 3070 Ti Phoenix,13899000
Gainward RTX 3070 Phoenix LHR,12499000
MSI GEFORCE RTX 3070 TI GAMING X TRIO 8GB GDDR6X,14310000
GIGABYTE AORUS GEFORCE RTX 3070 TI MASTER 8GB GDDR6X GV-N307TAORUS M-8,14510000
Gigabyte Vga GeForce RTX 3070 GAMING OC (GV-N3070Gaming OC-8GD 2.0),13170000
ACER PREDATOR HELIOS 300 PH315-54 GeForce RTX™ 3070 - i7-11800H 16GB,26399000
MSI GeForce RTX 3070 VENTUS 2X 8G OC LHR,12310000
MSI GEFORCE RTX 3070 GAMING Z TRIO LHR 8GB GDDR6,13160000
PALIT GEFORCE RTX 3070 TI GAMINGPRO 8GB GDDR6X,13560000
VGA MSI RTX 3070 Suprim 8GB - MSI Geforce RTX 3070 Suprim - RTX3070,13900000
Vga Asus RTX 3070 OC 8GB - Asus ROG Strix Geforce RTX 3070 Gaming OC,15100000
Lenovo Legion 5 Pro Ryzen 7 5800H 32GB 1TB SSD RTX 3070 WIN 11,26759000
VGA PNY GeForce RTX 3070 8GB UPRISING Dual Fan,10499000
Palit GeForce RTX 3070 Gaming Pro - 8GB - Vga Card,11930000
HP OMEN Laptop 16 c0092AX Ryzen 7-5800H 16GB RTX 3070 8GB 512GB SSD,24149000
IPASON GAMING PC - INTEL I5 11260H 8G 480G 3080Ti/3070/3060/1050Ti - GTX 1050Ti 8 gb,8190000
VGA COLORFUL GEFORCE RTX™ 3070 Ti 8GB BATTLE AX,12299000
ZOTAC GAMING GeForce RTX 3070 Ti Trinity 8GB OC Edition,12199900
EVGA GEFORCE RTX 3070 TI XC3 ULTRA GAMING 8GB GDDR6X 08G-P5-3785-KL,14710000
VGA MSI GeForce RTX 3070 Ti VENTUS 3X OC 8GB,12999000
VGA MSI GeForce RTX 3070 Ti GAMING X TRIO 8G,13400000
EVGA GEFORCE RTX 3070 XC3 ULTRA GAMING LHR 8GB GDDR6 08G-P5-3755-KL,12510000
INNO3D RTX 3070 ICHILL X4 8GB DDR6 VGA CARD NVIDIA GEFORCE INNO 3D,12699000
VGA Msi RTX 3070 Ti VENTUS 3X 8G OC,12927000
MSI GEFORCE RTX 3070 TI SUPRIM X 8GB GDDR6X,15160000
VGA MSI GeForce RTX 3070 GAMING Z TRIO 8GB,12825000
[Non-LHR] Palit RTX 3070 Gaming Pro 8GB GDDR6,13000000
Lenovo Legion 5 Pro Ryzen 7 5800H 32GB 1TB SSD RTX 3070 WIN 11+OHS,28059000
PNY GeForce RTX 3070 8GB Uprising Dual Fan GDDR6 - RTX3070 DDR6,10500000
VGA Colorful iGame Geforce RTX 3070 Bilibili E-sports Edition LHR-V,12899000
ASUS GeForce RTX 3070 Noctua Edition OC 8GB GDDR6 - RTX3070 DDR6 VGA,13190000
Inno3D RTX3070 RTX 3070 ICHILL X4,12490000
COLORFUL IGAME GEFORCE RTX 3070 TI ULTRA WHITE OC 8GB GDDR6X,14200000
MSI GEFORCE RTX 3070 VENTUS 2X OC LHR 8GB GDDR6,11860000
GIGABYTE GEFORCE RTX 3070 GAMING OC 8GB GDDR6 256 bit,12855000
MSI GEFORCE RTX 3070 TI VENTUS 3X OC 8GB GDDR6X,14010000
Zotac RTX 3060 Ti / RTX 3070 / RTX 3080 / RTX 3090,8999000
VGA ZOTAC Geforce RTX 3070 TWIN EDGE OC - White Edition 8GB GDDR6,12049000
VGA MSI GeForce RTX 3070 Ti VENTUS 3X OC 8GB,12999000
GIGABYTE GEFORCE RTX 3070 AORUS MASTER 8GB GDDR6 256 bit,13425000
Colorful GeForce RTX 3070 Ti NB 8G-V LHR,12599000
MSI GeForce RTX 3070 Ti GAMING X TRIO 8GB GDDR6X,13799000
VGA MSI GeForce RTX 3070 Ti GAMING X TRIO 8G,13400000
VGA Msi RTX 3070 GAMING Z TRIO (LHR),12787000
Asus TUF Gaming RTX 3070 Ti OC Edition 8GB GDDR6X,14899000
GALAX GeForce RTX 3070 - 8GB SG (1-Click OC) DDR6,11400000
RTX 3070 ZOTAC TWIN EDGE OC NON-LHR,13500000
rtx 3060 3070 3080 3090,15500000
VGA GAINWARD PHANTOM RTX 3070 Phantom GS GeForce RTX3070,12799000
MSI GeForce RTX 3070 VENTUS 3X OC,12350000
GIGABYTE GEFORCE RTX 3070 TI VISION OC 8GB DDR6X GV-N307TVISION OC-8GD,14010000
Gainward GeForce RTX™ 3070 Ti Phoenix,13899000
GIGABYTE GeForce RTX 3070 AORUS MASTER 8GB GDDR6 GV-N3070AORUS M-8GD,13510000
GIGABYTE GeForce RTX 3070 GAMING OC 8GB GDDR6 GV-N3070GAMING OC-8GD,12930000
EVGA GEFORCE RTX 3070 TI FTW3 ULTRA GAMING 8GB GDDR6X 08G-P5-3797-KL,15010000
VGA GIGABYTE AORUS GeForce RTX 3070 Ti MASTER 8G,14999000
GIGABYTE GEFORCE RTX 3070 TI GAMING OC 8GB DDR6X GV-N307TGAMING OC-8GD,13910000
ASUS RTX 3070 DUAL OC 8GB GDDR6 RTX3070 O8G VGA CARD NVIDIA,11980000
MSI GeForce RTX 3070 Ti GAMING X TRIO 8G,14800000
Colorful iGame GeForce RTX 3070 Ti Ultra W OC 8G-V,14299000
ASUS KO GeForce RTX 3070 OC Edition 8GB GDDR6 Gaming,12500000
PALIT GEFORCE RTX 3070 GAMEROCK 8GB GDDR6,12610000
NON LHR Nvidia Geforce RTX 3070 Game Rock - New Garansi Resmi,18200000
GIGABYTE GEFORCE RTX 3070 TI EAGLE 8GB GDDR6X GV-N307TEAGLE-8GD,13510000
GIGABYTE GeForce RTX 3070 EAGLE OC 8GB GDDR6 GV-N3070EAGLE OC-8GD,11910000
dp mining rig bitcoin eth/ crypto 6 x rtx 3070 bkn 3060 3080 3090,95000000
Gigabyte VGA GV-N3070GAMING OC-8GD GeForce RTX™ 3070 GAMING OC 8G,12920000
ASUS TUF RTX 3070 OC 8GB DDR6 256BIT GAMING NVIDIA VGA CARD,13000000
gigabyte rtx 3070 gaming oc nvidia rtx3070 8gb ddr6,12750000
Paket Mining 4x RTX 3070 Ti 220 mh/s Siap Pakai,100000000
MSI GEFORCE RTX 3070 VENTUS 3X OC 8GB GDDR6,12100000
MINING RIG CRYPTO 1 - 4 VGA RTX 3070 Ti 8GB TERMURAH - FREE VC 100K,32800000
VGA ZOTAC GAMING GeForce RTX 3070 Ti Trinity OC,12999000
LENOVO LEGION 7 16ACHG6 Ryzen 7 5800H 32GB 2TB RTX 3070 8GB W10 OHS,35699000
MSI GeForce RTX 3070 Ventus 2X OC 8GB GDDR6 - Ampere Graphic Card,11550000
Zotac RTX 3070 Twin Edge NON LHR 8GB DDR6,12000000
